Code,Name
Code1,Label1
Code2,Label2
Code3,Label3
Code4,Label4
Code5,Label5
Code6,Label6
Code7,Label7
Code8,Label8
Code9,Label9
Code10,Label10
Code11,Label11
Code12,Label12
Code13,Label13
Code14,Label14
Code15,Label15
Code16,Label16
Code17,Label17
Code18,Label18
Code19,Label19
Code20,Label20
Code21,Label21
Code22,Label22
Code23,Label23
Code24,Label24
Code25,Label25
Code26,Label26
Code27,Label27
Code28,Label28
Code29,Label29
Code30,Label30
Code31,Label31
Code32,Label32
Code33,Label33
Code34,Label34
Code35,Label35
Code36,Label36
Code37,Label37
Code38,Label38
Code39,Label39
Code40,Label40
Code41,Label41
Code42,Label42
Code43,Label43
Code44,Label44
Code45,Label45
Code46,Label46
Code47,Label47
Code48,Label48
Code49,Label49
